sgRNA,Gene,initial.count,final.count
1,1,50,54
2,1,156,14
3,1,92,349
4,1,77,600
5,2,175,702
6,2,54,321
7,2,95,58
8,2,19,307
9,3,141,322
10,3,93,478
11,3,225,932
12,3,53,29
13,4,109,53
14,4,26,318
15,4,252,853
16,4,31,87
17,5,132,1011
18,5,53,702
19,5,137,568
20,5,305,1609
21,6,180,1212
22,6,26,17
23,6,198,547
24,6,207,790
25,7,202,92
26,7,78,208
27,7,51,125
28,7,116,43
29,8,54,140
30,8,5,339
31,8,110,876
32,8,242,709
33,9,397,1253
34,9,210,178
35,9,224,941
36,9,264,499
37,10,101,211
38,10,109,29
39,10,42,507
40,10,126,219
41,11,33,282
42,11,94,84
43,11,149,436
44,11,116,616
45,12,165,2137
46,12,99,173
47,12,190,248
48,12,57,272
49,13,12,61
50,13,146,101
51,13,251,532
52,13,72,164
53,14,18,328
54,14,0,0
55,14,212,36
56,14,81,210
57,15,139,280
58,15,11,290
59,15,111,561
60,15,97,145
61,16,55,207
62,16,127,642
63,16,86,1324
64,16,223,273
65,17,126,529
66,17,296,1627
67,17,281,948
68,17,303,1834
69,18,46,72
70,18,7,110
71,18,198,95
72,18,56,402
73,19,64,434
74,19,134,389
75,19,59,341
76,19,263,2234
77,20,41,169
78,20,150,991
79,20,71,120
80,20,223,110
81,21,22,215
82,21,26,231
83,21,184,112
84,21,56,20
85,22,59,525
86,22,61,431
87,22,23,211
88,22,29,170
89,23,59,514
90,23,79,200
91,23,293,18
92,23,68,478
93,24,101,245
94,24,104,545
95,24,81,1269
96,24,84,343
97,25,223,631
98,25,78,128
99,25,27,368
100,25,87,43
101,26,333,1329
102,26,42,315
103,26,200,67
104,26,244,360
105,27,186,833
106,27,64,362
107,27,149,89
108,27,92,219
109,28,190,541
110,28,228,159
111,28,159,523
112,28,250,848
113,29,76,582
114,29,283,2595
115,29,98,83
116,29,186,876
117,30,252,427
118,30,43,569
119,30,85,538
120,30,200,1756
121,31,147,358
122,31,148,360
123,31,0,124
124,31,215,126
125,32,86,274
126,32,99,446
127,32,270,575
128,32,212,456
129,33,262,2934
130,33,158,531
131,33,162,160
132,33,127,184
133,34,141,786
134,34,117,386
135,34,246,269
136,34,55,220
137,35,33,102
138,35,85,204
139,35,92,468
140,35,38,517
141,36,138,467
142,36,50,118
143,36,100,532
144,36,299,1001
145,37,9,17
146,37,258,95
147,37,195,799
148,37,136,436
149,38,84,21
150,38,159,809
151,38,74,320
152,38,173,97
153,39,36,184
154,39,329,279
155,39,14,339
156,39,89,978
157,40,85,74
158,40,64,95
159,40,20,234
160,40,147,1045
161,41,161,1674
162,41,64,797
163,41,164,271
164,41,244,723
165,42,13,98
166,42,222,339
167,42,160,224
168,42,187,1610
169,43,4,155
170,43,33,335
171,43,48,221
172,43,124,172
173,44,179,1021
174,44,102,942
175,44,90,40
176,44,312,556
177,45,61,0
178,45,60,169
179,45,96,159
180,45,133,171
181,46,350,1008
182,46,71,397
183,46,84,148
184,46,88,250
185,47,132,356
186,47,230,916
187,47,53,471
188,47,175,533
189,48,70,65
190,48,48,297
191,48,243,728
192,48,300,971
193,49,9,20
194,49,143,423
195,49,119,171
196,49,99,722
197,50,135,26
198,50,319,2070
199,50,63,202
200,50,106,326
201,51,76,81
202,51,56,82
203,51,374,747
204,51,235,215
205,52,92,855
206,52,80,78
207,52,117,454
208,52,140,248
209,53,169,330
210,53,139,161
211,53,47,112
212,53,145,325
213,54,16,63
214,54,199,97
215,54,5,81
216,54,304,1286
217,55,45,116
218,55,362,277
219,55,38,21
220,55,12,71
221,56,156,134
222,56,137,291
223,56,49,303
224,56,55,159
225,57,132,859
226,57,236,595
227,57,209,542
228,57,40,86
229,58,52,80
230,58,11,126
231,58,102,209
232,58,127,738
233,59,94,461
234,59,29,19
235,59,240,695
236,59,185,207
237,60,8,136
238,60,256,98
239,60,156,507
240,60,276,428
241,61,361,385
242,61,175,129
243,61,58,68
244,61,43,49
245,62,225,178
246,62,119,185
247,62,32,41
248,62,31,111
249,63,85,318
250,63,229,376
251,63,312,361
252,63,164,60
253,64,72,234
254,64,63,63
255,64,86,337
256,64,95,225
257,65,174,877
258,65,110,85
259,65,62,43
260,65,168,669
261,66,80,33
262,66,161,115
263,66,220,859
264,66,57,55
265,67,252,643
266,67,113,431
267,67,110,180
268,67,179,400
269,68,115,281
270,68,81,127
271,68,70,60
272,68,107,434
273,69,23,261
274,69,188,718
275,69,46,296
276,69,189,257
277,70,124,211
278,70,53,326
279,70,74,369
280,70,137,304
281,71,254,1396
282,71,171,286
283,71,109,524
284,71,110,733
285,72,155,287
286,72,131,274
287,72,153,200
288,72,142,227
289,73,117,602
290,73,150,211
291,73,32,85
292,73,49,273
293,74,224,340
294,74,86,51
295,74,35,84
296,74,238,921
297,75,279,743
298,75,91,120
299,75,136,330
300,75,103,78
301,76,120,198
302,76,85,61
303,76,113,371
304,76,443,338
305,77,194,914
306,77,342,106
307,77,165,984
308,77,71,175
309,78,31,49
310,78,48,120
311,78,67,193
312,78,57,528
313,79,202,560
314,79,208,913
315,79,220,438
316,79,153,470
317,80,116,841
318,80,170,383
319,80,13,91
320,80,167,183
321,81,182,428
322,81,142,340
323,81,152,241
324,81,9,59
325,82,96,32
326,82,75,109
327,82,120,246
328,82,300,408
329,83,173,960
330,83,174,229
331,83,158,35
332,83,105,245
333,84,43,287
334,84,297,311
335,84,70,393
336,84,69,96
337,85,106,37
338,85,40,249
339,85,61,82
340,85,30,219
341,86,147,123
342,86,153,392
343,86,76,174
344,86,110,342
345,87,119,59
346,87,27,156
347,87,110,465
348,87,215,444
349,88,53,68
350,88,190,373
351,88,46,135
352,88,188,184
353,89,119,238
354,89,225,299
355,89,102,479
356,89,47,462
357,90,32,280
358,90,46,18
359,90,267,770
360,90,97,392
361,91,119,731
362,91,105,353
363,91,130,366
364,91,79,346
365,92,142,523
366,92,94,280
367,92,118,227
368,92,88,279
369,93,67,47
370,93,171,882
371,93,125,86
372,93,163,247
373,94,15,31
374,94,46,202
375,94,368,855
376,94,197,51
377,95,53,223
378,95,95,310
379,95,321,414
380,95,83,245
381,96,116,84
382,96,66,114
383,96,91,148
384,96,39,57
385,97,255,161
386,97,128,223
387,97,237,212
388,97,19,26
389,98,67,260
390,98,91,191
391,98,302,664
392,98,251,738
393,99,209,584
394,99,88,309
395,99,113,274
396,99,113,329
397,100,173,722
398,100,104,367
399,100,34,335
400,100,53,507
401,101,75,345
402,101,336,475
403,101,70,55
404,101,69,119
405,102,191,137
406,102,244,367
407,102,29,95
408,102,13,126
409,103,36,34
410,103,91,102
411,103,26,215
412,103,127,302
413,104,119,123
414,104,189,1543
415,104,233,260
416,104,188,469
417,105,266,262
418,105,103,125
419,105,273,337
420,105,101,129
421,106,72,68
422,106,137,331
423,106,142,167
424,106,10,22
425,107,66,26
426,107,42,126
427,107,29,133
428,107,195,491
429,108,177,207
430,108,156,378
431,108,19,122
432,108,131,47
433,109,30,121
434,109,115,74
435,109,97,45
436,109,206,102
437,110,191,148
438,110,369,544
439,110,55,335
440,110,289,171
441,111,203,152
442,111,198,82
443,111,86,195
444,111,177,191
445,112,163,170
446,112,266,335
447,112,181,113
448,112,122,330
449,113,192,294
450,113,277,50
451,113,219,745
452,113,82,137
453,114,88,122
454,114,323,138
455,114,83,126
456,114,137,160
457,115,101,192
458,115,44,95
459,115,67,69
460,115,333,241
461,116,402,872
462,116,233,323
463,116,256,227
464,116,25,18
465,117,71,39
466,117,64,26
467,117,6,44
468,117,317,78
469,118,210,339
470,118,78,126
471,118,158,305
472,118,87,108
473,119,106,71
474,119,266,324
475,119,139,323
476,119,101,371
477,120,75,87
478,120,91,51
479,120,91,185
480,120,88,209
481,121,413,225
482,121,163,247
483,121,144,202
484,121,51,173
485,122,30,77
486,122,213,364
487,122,117,169
488,122,19,65
489,123,127,167
490,123,257,70
491,123,92,134
492,123,31,78
493,124,129,143
494,124,28,146
495,124,66,151
496,124,21,38
497,125,95,101
498,125,66,91
499,125,50,92
500,125,87,77
501,126,52,32
502,126,236,171
503,126,233,528
504,126,237,756
505,127,240,893
506,127,102,329
507,127,69,385
508,127,116,57
509,128,248,127
510,128,316,177
511,128,123,126
512,128,351,377
513,129,205,255
514,129,39,34
515,129,40,69
516,129,90,249
517,130,45,79
518,130,94,32
519,130,148,167
520,130,8,132
521,131,17,172
522,131,111,129
523,131,61,73
524,131,34,109
525,132,62,91
526,132,33,49
527,132,104,416
528,132,117,195
529,133,124,49
530,133,105,198
531,133,268,426
532,133,327,512
533,134,132,166
534,134,67,109
535,134,49,33
536,134,88,101
537,135,54,35
538,135,47,102
539,135,195,485
540,135,49,189
541,136,72,217
542,136,127,133
543,136,1,0
544,136,221,400
545,137,174,195
546,137,58,94
547,137,106,115
548,137,383,584
549,138,58,127
550,138,80,274
551,138,62,83
552,138,91,64
553,139,218,266
554,139,41,33
555,139,157,203
556,139,243,392
557,140,73,127
558,140,234,503
559,140,181,387
560,140,83,112
561,141,127,79
562,141,172,223
563,141,227,351
564,141,59,128
565,142,187,465
566,142,90,137
567,142,168,223
568,142,14,102
569,143,61,142
570,143,134,112
571,143,123,118
572,143,136,247
573,144,291,362
574,144,136,160
575,144,410,252
576,144,322,1305
577,145,10,132
578,145,209,277
579,145,316,216
580,145,73,263
581,146,100,178
582,146,107,37
583,146,50,133
584,146,106,120
585,147,177,160
586,147,114,314
587,147,73,105
588,147,191,418
589,148,46,139
590,148,328,206
591,148,51,25
592,148,101,254
593,149,125,222
594,149,60,162
595,149,46,159
596,149,53,141
597,150,82,126
598,150,12,74
599,150,315,528
600,150,83,379
601,151,13,1
602,151,109,23
603,151,44,336
604,151,53,142
605,152,140,23
606,152,46,0
607,152,212,12
608,152,150,41
609,153,30,5
610,153,45,125
611,153,29,22
612,153,167,66
613,154,272,39
614,154,92,25
615,154,54,42
616,154,52,0
617,155,186,100
618,155,4,7
619,155,85,48
620,155,6,21
621,156,17,25
622,156,107,216
623,156,152,42
624,156,220,45
625,157,247,70
626,157,133,54
627,157,76,23
628,157,14,12
629,158,78,69
630,158,65,72
631,158,58,9
632,158,191,117
633,159,76,28
634,159,35,5
635,159,170,347
636,159,67,19
637,160,159,66
638,160,45,57
639,160,101,23
640,160,107,22
641,161,61,55
642,161,29,13
643,161,97,29
644,161,39,5
645,162,80,36
646,162,464,89
647,162,25,75
648,162,187,209
649,163,100,28
650,163,160,63
651,163,59,1
652,163,187,77
653,164,397,71
654,164,48,120
655,164,119,54
656,164,124,8
657,165,83,8
658,165,149,28
659,165,176,139
660,165,163,35
661,166,77,48
662,166,168,80
663,166,346,221
664,166,186,143
665,167,83,52
666,167,269,102
667,167,311,102
668,167,184,52
669,168,114,9
670,168,30,24
671,168,146,66
672,168,80,30
673,169,133,170
674,169,116,10
675,169,3,0
676,169,28,23
677,170,78,62
678,170,48,22
679,170,186,34
680,170,109,43
681,171,32,10
682,171,19,4
683,171,281,311
684,171,110,59
685,172,265,276
686,172,206,36
687,172,29,8
688,172,78,26
689,173,58,26
690,173,55,17
691,173,134,48
692,173,64,10
693,174,42,13
694,174,97,69
695,174,201,32
696,174,155,33
697,175,89,56
698,175,72,116
699,175,111,40
700,175,356,405
701,176,123,135
702,176,109,58
703,176,91,205
704,176,22,4
705,177,91,96
706,177,146,174
707,177,58,12
708,177,163,159
709,178,245,135
710,178,47,40
711,178,52,4
712,178,111,27
713,179,29,46
714,179,78,36
715,179,4,21
716,179,66,14
717,180,158,51
718,180,12,22
719,180,84,23
720,180,279,43
721,181,98,82
722,181,53,30
723,181,72,5
724,181,3,73
725,182,117,22
726,182,33,34
727,182,228,51
728,182,67,26
729,183,14,13
730,183,122,26
731,183,244,106
732,183,167,22
733,184,146,26
734,184,143,34
735,184,193,47
736,184,63,6
737,185,62,13
738,185,66,70
739,185,228,40
740,185,96,134
741,186,65,167
742,186,201,35
743,186,41,1
744,186,113,15
745,187,101,9
746,187,363,119
747,187,24,9
748,187,95,19
749,188,92,69
750,188,131,148
751,188,237,94
752,188,173,27
753,189,9,8
754,189,126,31
755,189,167,35
756,189,82,17
757,190,79,30
758,190,77,31
759,190,147,67
760,190,37,1
761,191,200,110
762,191,124,38
763,191,25,31
764,191,99,40
765,192,32,68
766,192,120,16
767,192,115,60
768,192,51,30
769,193,236,65
770,193,59,8
771,193,128,92
772,193,316,70
773,194,296,154
774,194,95,66
775,194,83,16
776,194,75,26
777,195,112,314
778,195,237,59
779,195,204,60
780,195,114,68
781,196,75,13
782,196,120,18
783,196,110,17
784,196,37,63
785,197,2,0
786,197,101,43
787,197,99,51
788,197,182,37
789,198,16,4
790,198,97,80
791,198,89,74
792,198,89,18
793,199,44,9
794,199,209,20
795,199,43,57
796,199,78,12
797,200,163,108
798,200,284,110
799,200,134,191
800,200,25,112
801,201,9,35
802,201,81,7
803,201,216,12
804,201,47,24
805,202,140,24
806,202,36,2
807,202,203,260
808,202,51,0
809,203,42,1
810,203,38,3
811,203,32,0
812,203,191,4
813,204,357,69
814,204,145,9
815,204,308,17
816,204,182,37
817,205,165,52
818,205,78,1
819,205,122,4
820,205,309,11
821,206,67,2
822,206,92,36
823,206,130,61
824,206,118,1
825,207,44,9
826,207,41,5
827,207,145,49
828,207,147,43
829,208,41,73
830,208,206,17
831,208,272,71
832,208,133,0
833,209,123,273
834,209,35,1
835,209,21,49
836,209,83,6
837,210,128,4
838,210,136,1
839,210,4,0
840,210,95,4
841,211,59,0
842,211,154,210
843,211,122,9
844,211,42,3
845,212,169,77
846,212,176,12
847,212,86,33
848,212,206,1
849,213,218,17
850,213,70,13
851,213,103,8
852,213,252,121
853,214,108,72
854,214,188,4
855,214,158,0
856,214,47,0
857,215,120,19
858,215,22,56
859,215,282,16
860,215,54,1
861,216,258,33
862,216,90,36
863,216,305,86
864,216,139,11
865,217,83,8
866,217,105,9
867,217,64,9
868,217,137,4
869,218,303,92
870,218,168,14
871,218,57,4
872,218,488,92
873,219,17,162
874,219,94,2
875,219,219,288
876,219,192,2
877,220,201,22
878,220,107,2
879,220,94,9
880,220,97,3
881,221,114,29
882,221,36,0
883,221,50,180
884,221,63,2
885,222,208,14
886,222,44,15
887,222,176,140
888,222,117,2
889,223,82,11
890,223,97,2
891,223,166,66
892,223,117,41
893,224,51,2
894,224,35,0
895,224,133,9
896,224,55,6
897,225,107,4
898,225,169,1
899,225,80,6
900,225,215,9
901,226,321,184
902,226,139,73
903,226,59,82
904,226,39,3
905,227,218,6
906,227,36,24
907,227,85,5
908,227,106,1
909,228,30,29
910,228,14,1
911,228,100,30
912,228,127,18
913,229,104,0
914,229,33,1
915,229,109,27
916,229,70,37
917,230,142,0
918,230,111,8
919,230,55,124
920,230,113,6
921,231,152,10
922,231,63,13
923,231,157,17
924,231,10,11
925,232,116,448
926,232,34,17
927,232,22,0
928,232,233,2
929,233,87,32
930,233,66,22
931,233,43,4
932,233,55,0
933,234,83,26
934,234,80,26
935,234,97,34
936,234,118,3
937,235,75,17
938,235,108,0
939,235,36,82
940,235,49,38
941,236,30,3
942,236,198,4
943,236,313,37
944,236,48,40
945,237,179,43
946,237,303,6
947,237,153,131
948,237,101,94
949,238,225,0
950,238,249,87
951,238,37,21
952,238,145,5
953,239,229,18
954,239,86,27
955,239,144,22
956,239,113,26
957,240,35,2
958,240,295,11
959,240,18,0
960,240,55,1
961,241,273,245
962,241,100,13
963,241,201,359
964,241,335,70
965,242,125,2
966,242,141,124
967,242,150,24
968,242,255,15
969,243,86,177
970,243,14,0
971,243,93,303
972,243,123,89
973,244,11,4
974,244,91,21
975,244,185,62
976,244,93,32
977,245,35,1
978,245,140,5
979,245,138,7
980,245,91,38
981,246,126,125
982,246,12,0
983,246,119,6
984,246,55,82
985,247,56,6
986,247,85,10
987,247,182,34
988,247,256,27
989,248,145,181
990,248,171,0
991,248,77,0
992,248,31,0
993,249,154,33
994,249,16,0
995,249,93,154
996,249,128,0
997,250,195,4
998,250,151,5
999,250,382,113
1000,250,53,0
1001,251,29,18
1002,251,110,1
1003,251,263,16
1004,251,65,0
1005,252,45,6
1006,252,41,2
1007,252,160,7
1008,252,1,0
1009,253,317,9
1010,253,155,135
1011,253,47,0
1012,253,195,4
1013,254,82,19
1014,254,77,4
1015,254,171,3
1016,254,47,105
1017,255,135,0
1018,255,115,36
1019,255,103,10
1020,255,10,2
1021,256,219,304
1022,256,111,5
1023,256,49,0
1024,256,91,11
1025,257,38,0
1026,257,109,4
1027,257,42,0
1028,257,139,1
1029,258,144,3
1030,258,194,304
1031,258,67,0
1032,258,432,1
1033,259,46,20
1034,259,189,73
1035,259,56,0
1036,259,46,0
1037,260,120,135
1038,260,22,5
1039,260,159,214
1040,260,90,14
1041,261,84,6
1042,261,259,41
1043,261,15,0
1044,261,96,146
1045,262,310,1068
1046,262,27,20
1047,262,113,0
1048,262,133,1
1049,263,378,12
1050,263,95,0
1051,263,57,0
1052,263,34,1
1053,264,37,0
1054,264,198,3
1055,264,267,1
1056,264,65,0
1057,265,152,3
1058,265,94,1
1059,265,88,216
1060,265,65,40
1061,266,87,0
1062,266,43,0
1063,266,105,0
1064,266,100,0
1065,267,18,57
1066,267,322,62
1067,267,6,28
1068,267,44,6
1069,268,202,21
1070,268,206,4
1071,268,36,0
1072,268,66,103
1073,269,198,6
1074,269,139,0
1075,269,35,1
1076,269,92,1
1077,270,61,0
1078,270,73,21
1079,270,108,15
1080,270,113,1
1081,271,86,16
1082,271,170,2
1083,271,52,0
1084,271,66,0
1085,272,118,4
1086,272,188,0
1087,272,171,411
1088,272,57,0
1089,273,3,29
1090,273,16,2
1091,273,170,0
1092,273,131,1
1093,274,20,0
1094,274,88,0
1095,274,12,0
1096,274,63,5
1097,275,41,0
1098,275,143,0
1099,275,38,8
1100,275,21,0
1101,276,193,23
1102,276,81,5
1103,276,175,327
1104,276,91,14
1105,277,144,1
1106,277,181,143
1107,277,148,15
1108,277,82,6
1109,278,124,0
1110,278,81,1
1111,278,174,0
1112,278,203,28
1113,279,68,2
1114,279,13,48
1115,279,157,2
1116,279,16,6
1117,280,257,25
1118,280,59,0
1119,280,104,57
1120,280,203,4
1121,281,278,34
1122,281,7,1
1123,281,188,2
1124,281,134,5
1125,282,253,17
1126,282,56,1
1127,282,140,8
1128,282,27,0
1129,283,156,9
1130,283,201,0
1131,283,3,4
1132,283,91,0
1133,284,244,31
1134,284,140,3
1135,284,11,0
1136,284,155,6
1137,285,352,1
1138,285,5,1
1139,285,77,2
1140,285,47,55
1141,286,167,4
1142,286,115,251
1143,286,205,5
1144,286,76,1
1145,287,35,6
1146,287,103,1
1147,287,323,2
1148,287,50,102
1149,288,234,0
1150,288,106,183
1151,288,125,184
1152,288,62,0
1153,289,209,3
1154,289,149,2
1155,289,38,0
1156,289,68,10
1157,290,106,209
1158,290,282,6
1159,290,253,17
1160,290,72,11
1161,291,123,296
1162,291,70,44
1163,291,56,0
1164,291,118,8
1165,292,286,37
1166,292,117,66
1167,292,107,1
1168,292,135,11
1169,293,186,154
1170,293,92,0
1171,293,113,0
1172,293,92,0
1173,294,130,22
1174,294,404,2
1175,294,25,0
1176,294,144,5
1177,295,9,0
1178,295,118,0
1179,295,148,3
1180,295,132,1
1181,296,82,29
1182,296,143,45
1183,296,33,27
1184,296,304,51
1185,297,66,7
1186,297,79,0
1187,297,179,0
1188,297,50,117
1189,298,24,36
1190,298,198,35
1191,298,142,104
1192,298,96,30
1193,299,54,166
1194,299,28,12
1195,299,155,5
1196,299,185,0
1197,300,57,39
1198,300,92,8
1199,300,159,45
1200,300,103,28
1201,301,33,84
1202,301,190,201
1203,301,203,150
1204,301,129,110
1205,302,327,382
1206,302,25,99
1207,302,225,301
1208,302,295,143
1209,303,92,120
1210,303,73,87
1211,303,99,69
1212,303,65,73
1213,304,98,42
1214,304,153,89
1215,304,107,114
1216,304,183,117
1217,305,97,467
1218,305,59,95
1219,305,499,433
1220,305,22,114
1221,306,166,147
1222,306,58,129
1223,306,119,28
1224,306,152,81
1225,307,97,66
1226,307,56,278
1227,307,56,69
1228,307,175,42
1229,308,137,184
1230,308,129,121
1231,308,116,50
1232,308,339,680
1233,309,101,138
1234,309,153,81
1235,309,48,255
1236,309,228,193
1237,310,373,397
1238,310,14,6
1239,310,126,67
1240,310,133,91
1241,311,319,325
1242,311,299,271
1243,311,197,183
1244,311,54,145
1245,312,100,279
1246,312,30,49
1247,312,73,71
1248,312,108,98
1249,313,308,226
1250,313,155,46
1251,313,327,258
1252,313,282,116
1253,314,431,225
1254,314,155,158
1255,314,103,277
1256,314,153,198
1257,315,59,14
1258,315,60,76
1259,315,174,172
1260,315,20,84
1261,316,109,76
1262,316,162,175
1263,316,247,639
1264,316,203,117
1265,317,76,35
1266,317,311,302
1267,317,56,125
1268,317,47,160
1269,318,109,151
1270,318,147,200
1271,318,122,47
1272,318,40,85
1273,319,77,74
1274,319,91,66
1275,319,256,410
1276,319,86,159
1277,320,46,105
1278,320,36,49
1279,320,113,28
1280,320,12,6
1281,321,80,11
1282,321,148,146
1283,321,36,51
1284,321,199,164
1285,322,261,138
1286,322,42,70
1287,322,102,136
1288,322,45,91
1289,323,161,193
1290,323,64,45
1291,323,152,51
1292,323,82,79
1293,324,56,38
1294,324,48,5
1295,324,43,61
1296,324,153,166
1297,325,81,111
1298,325,86,150
1299,325,26,8
1300,325,11,20
1301,326,203,143
1302,326,63,122
1303,326,113,79
1304,326,237,292
1305,327,205,883
1306,327,149,137
1307,327,144,157
1308,327,50,58
1309,328,158,66
1310,328,44,55
1311,328,160,361
1312,328,117,151
1313,329,142,225
1314,329,197,124
1315,329,123,203
1316,329,248,189
1317,330,318,264
1318,330,152,76
1319,330,88,147
1320,330,29,187
1321,331,16,12
1322,331,36,63
1323,331,56,35
1324,331,60,102
1325,332,102,68
1326,332,174,119
1327,332,96,188
1328,332,51,6
1329,333,15,65
1330,333,149,122
1331,333,81,237
1332,333,33,41
1333,334,28,23
1334,334,279,218
1335,334,79,83
1336,334,221,168
1337,335,144,42
1338,335,155,185
1339,335,182,128
1340,335,114,36
1341,336,190,162
1342,336,98,136
1343,336,79,101
1344,336,108,77
1345,337,103,54
1346,337,257,438
1347,337,298,343
1348,337,76,29
1349,338,5,88
1350,338,86,114
1351,338,217,303
1352,338,133,169
1353,339,170,80
1354,339,19,81
1355,339,133,131
1356,339,48,30
1357,340,181,110
1358,340,56,52
1359,340,24,41
1360,340,133,213
1361,341,138,52
1362,341,91,101
1363,341,191,140
1364,341,117,143
1365,342,130,76
1366,342,73,42
1367,342,22,65
1368,342,130,132
1369,343,6,1
1370,343,443,338
1371,343,32,69
1372,343,30,88
1373,344,73,78
1374,344,72,66
1375,344,175,79
1376,344,189,139
1377,345,168,134
1378,345,71,38
1379,345,145,160
1380,345,108,55
1381,346,136,45
1382,346,224,179
1383,346,120,188
1384,346,98,161
1385,347,14,41
1386,347,79,77
1387,347,128,183
1388,347,54,65
1389,348,88,78
1390,348,159,97
1391,348,162,144
1392,348,61,18
1393,349,8,9
1394,349,257,142
1395,349,19,33
1396,349,168,139
1397,350,0,41
1398,350,112,160
1399,350,149,82
1400,350,13,22
1401,351,227,222
1402,351,35,3
1403,351,151,90
1404,351,136,210
1405,352,36,63
1406,352,128,80
1407,352,120,58
1408,352,94,166
1409,353,111,435
1410,353,46,144
1411,353,33,31
1412,353,148,312
1413,354,198,227
1414,354,105,158
1415,354,223,51
1416,354,154,142
1417,355,87,96
1418,355,51,76
1419,355,132,142
1420,355,156,134
1421,356,40,25
1422,356,162,132
1423,356,183,60
1424,356,36,20
1425,357,123,98
1426,357,41,77
1427,357,119,58
1428,357,56,91
1429,358,58,30
1430,358,226,326
1431,358,66,19
1432,358,183,302
1433,359,35,68
1434,359,42,64
1435,359,51,75
1436,359,201,259
1437,360,160,109
1438,360,38,58
1439,360,1,10
1440,360,322,227
1441,361,27,2
1442,361,168,84
1443,361,73,85
1444,361,225,51
1445,362,31,0
1446,362,140,107
1447,362,21,15
1448,362,131,22
1449,363,237,145
1450,363,15,27
1451,363,126,61
1452,363,3,53
1453,364,126,373
1454,364,36,77
1455,364,95,47
1456,364,214,129
1457,365,257,73
1458,365,234,69
1459,365,72,64
1460,365,273,462
1461,366,94,68
1462,366,117,192
1463,366,71,31
1464,366,124,160
1465,367,288,138
1466,367,48,29
1467,367,81,532
1468,367,233,269
1469,368,103,110
1470,368,125,80
1471,368,384,154
1472,368,125,110
1473,369,134,106
1474,369,54,56
1475,369,85,68
1476,369,3,7
1477,370,118,29
1478,370,115,71
1479,370,84,43
1480,370,149,47
1481,371,160,225
1482,371,212,106
1483,371,163,63
1484,371,264,155
1485,372,208,74
1486,372,70,105
1487,372,297,153
1488,372,37,26
1489,373,81,73
1490,373,119,157
1491,373,138,81
1492,373,102,28
1493,374,111,114
1494,374,187,111
1495,374,148,124
1496,374,22,68
1497,375,234,166
1498,375,51,114
1499,375,180,213
1500,375,155,141
1501,376,203,344
1502,376,79,99
1503,376,402,854
1504,376,190,216
1505,377,87,37
1506,377,4,0
1507,377,118,59
1508,377,110,72
1509,378,124,86
1510,378,143,74
1511,378,51,74
1512,378,18,102
1513,379,120,138
1514,379,133,91
1515,379,143,168
1516,379,68,19
1517,380,64,58
1518,380,254,150
1519,380,15,17
1520,380,173,13
1521,381,120,141
1522,381,147,62
1523,381,209,238
1524,381,278,49
1525,382,219,255
1526,382,120,48
1527,382,67,86
1528,382,24,33
1529,383,556,396
1530,383,253,273
1531,383,132,134
1532,383,116,71
1533,384,121,144
1534,384,52,113
1535,384,218,269
1536,384,112,95
1537,385,133,131
1538,385,80,47
1539,385,49,41
1540,385,229,163
1541,386,85,106
1542,386,154,37
1543,386,74,89
1544,386,81,58
1545,387,74,22
1546,387,106,66
1547,387,57,42
1548,387,69,148
1549,388,181,257
1550,388,219,211
1551,388,115,42
1552,388,7,53
1553,389,151,237
1554,389,302,146
1555,389,208,195
1556,389,113,230
1557,390,1,40
1558,390,315,311
1559,390,228,263
1560,390,16,71
1561,391,121,38
1562,391,48,61
1563,391,193,80
1564,391,86,86
1565,392,59,48
1566,392,187,117
1567,392,111,82
1568,392,124,128
1569,393,38,61
1570,393,76,35
1571,393,81,92
1572,393,193,57
1573,394,45,4
1574,394,234,97
1575,394,23,63
1576,394,119,162
1577,395,145,106
1578,395,294,376
1579,395,40,51
1580,395,153,168
1581,396,61,73
1582,396,146,266
1583,396,135,82
1584,396,272,157
1585,397,44,126
1586,397,63,97
1587,397,184,79
1588,397,123,72
1589,398,272,139
1590,398,131,154
1591,398,129,141
1592,398,379,235
1593,399,24,221
1594,399,291,196
1595,399,152,218
1596,399,149,147
1597,400,359,236
1598,400,126,157
1599,400,161,106
1600,400,167,101
1601,401,218,134
1602,401,387,386
1603,401,19,36
1604,401,104,93
1605,402,69,44
1606,402,81,153
1607,402,62,113
1608,402,115,440
1609,403,497,250
1610,403,147,140
1611,403,92,218
1612,403,106,104
1613,404,47,25
1614,404,214,163
1615,404,185,294
1616,404,92,82
1617,405,351,200
1618,405,164,146
1619,405,109,245
1620,405,76,34
1621,406,63,75
1622,406,32,0
1623,406,154,174
1624,406,81,179
1625,407,128,174
1626,407,207,307
1627,407,261,229
1628,407,81,18
1629,408,73,407
1630,408,156,215
1631,408,32,32
1632,408,51,43
1633,409,36,7
1634,409,152,123
1635,409,51,10
1636,409,44,28
1637,410,55,16
1638,410,68,90
1639,410,120,74
1640,410,175,144
1641,411,71,8
1642,411,6,22
1643,411,74,57
1644,411,77,17
1645,412,102,29
1646,412,21,156
1647,412,143,146
1648,412,499,226
1649,413,11,17
1650,413,30,7
1651,413,104,54
1652,413,354,252
1653,414,362,253
1654,414,122,95
1655,414,163,79
1656,414,89,74
1657,415,112,100
1658,415,114,298
1659,415,21,91
1660,415,59,36
1661,416,50,107
1662,416,35,18
1663,416,142,232
1664,416,5,27
1665,417,63,110
1666,417,40,31
1667,417,146,87
1668,417,39,111
1669,418,98,117
1670,418,175,261
1671,418,58,69
1672,418,429,298
1673,419,197,92
1674,419,249,310
1675,419,117,103
1676,419,113,229
1677,420,206,50
1678,420,76,453
1679,420,130,68
1680,420,32,35
1681,421,19,44
1682,421,192,119
1683,421,106,105
1684,421,48,100
1685,422,85,129
1686,422,230,203
1687,422,139,245
1688,422,177,74
1689,423,20,6
1690,423,129,76
1691,423,13,51
1692,423,136,161
1693,424,71,69
1694,424,15,55
1695,424,10,2
1696,424,285,139
1697,425,20,30
1698,425,33,126
1699,425,12,65
1700,425,62,38
1701,426,207,166
1702,426,37,96
1703,426,151,74
1704,426,95,69
1705,427,105,172
1706,427,111,39
1707,427,66,84
1708,427,138,31
1709,428,110,228
1710,428,232,298
1711,428,139,141
1712,428,10,29
1713,429,114,138
1714,429,40,37
1715,429,171,248
1716,429,81,91
1717,430,169,92
1718,430,411,284
1719,430,173,194
1720,430,185,121
1721,431,131,291
1722,431,3,0
1723,431,179,75
1724,431,64,32
1725,432,146,160
1726,432,224,242
1727,432,273,364
1728,432,156,178
1729,433,117,181
1730,433,19,16
1731,433,225,214
1732,433,75,92
1733,434,94,64
1734,434,337,332
1735,434,100,233
1736,434,226,312
1737,435,13,10
1738,435,10,21
1739,435,204,216
1740,435,89,104
1741,436,95,74
1742,436,41,85
1743,436,58,29
1744,436,118,86
1745,437,99,95
1746,437,3,25
1747,437,26,30
1748,437,32,91
1749,438,190,271
1750,438,91,71
1751,438,0,0
1752,438,131,83
1753,439,2,3
1754,439,65,19
1755,439,161,507
1756,439,221,120
1757,440,324,241
1758,440,378,226
1759,440,127,87
1760,440,481,405
1761,441,76,78
1762,441,178,164
1763,441,43,97
1764,441,173,49
1765,442,3,1
1766,442,351,480
1767,442,158,171
1768,442,255,47
1769,443,284,368
1770,443,232,593
1771,443,0,0
1772,443,7,31
1773,444,56,95
1774,444,88,56
1775,444,511,296
1776,444,205,194
1777,445,155,263
1778,445,76,8
1779,445,54,31
1780,445,221,172
1781,446,112,14
1782,446,117,197
1783,446,55,52
1784,446,90,54
1785,447,190,157
1786,447,100,115
1787,447,143,120
1788,447,198,135
1789,448,67,97
1790,448,74,95
1791,448,258,136
1792,448,124,121
1793,449,105,95
1794,449,74,79
1795,449,202,101
1796,449,231,108
1797,450,87,133
1798,450,82,27
1799,450,153,147
1800,450,84,139
1801,451,18,9
1802,451,292,224
1803,451,139,166
1804,451,225,254
1805,452,115,79
1806,452,200,210
1807,452,105,129
1808,452,103,81
1809,453,310,252
1810,453,176,109
1811,453,85,113
1812,453,122,72
1813,454,155,213
1814,454,61,29
1815,454,38,87
1816,454,148,112
1817,455,195,78
1818,455,49,7
1819,455,236,125
1820,455,105,169
1821,456,130,170
1822,456,214,103
1823,456,27,19
1824,456,189,177
1825,457,238,185
1826,457,189,129
1827,457,166,148
1828,457,84,114
1829,458,109,144
1830,458,110,58
1831,458,65,29
1832,458,132,65
1833,459,120,162
1834,459,183,96
1835,459,86,48
1836,459,88,44
1837,460,6,0
1838,460,244,194
1839,460,235,223
1840,460,99,107
1841,461,56,102
1842,461,71,38
1843,461,130,150
1844,461,74,62
1845,462,279,244
1846,462,158,142
1847,462,50,54
1848,462,99,94
1849,463,335,333
1850,463,30,54
1851,463,5,38
1852,463,242,237
1853,464,102,99
1854,464,89,68
1855,464,156,152
1856,464,114,83
1857,465,44,80
1858,465,107,84
1859,465,90,188
1860,465,174,157
1861,466,124,73
1862,466,66,152
1863,466,291,269
1864,466,60,86
1865,467,112,120
1866,467,30,30
1867,467,99,19
1868,467,36,124
1869,468,4,49
1870,468,64,105
1871,468,137,50
1872,468,187,99
1873,469,26,29
1874,469,146,119
1875,469,115,70
1876,469,69,100
1877,470,127,140
1878,470,341,283
1879,470,106,158
1880,470,41,83
1881,471,46,89
1882,471,211,117
1883,471,42,45
1884,471,67,44
1885,472,255,159
1886,472,109,145
1887,472,91,64
1888,472,141,38
1889,473,462,224
1890,473,141,266
1891,473,182,225
1892,473,11,58
1893,474,106,158
1894,474,160,73
1895,474,182,52
1896,474,102,243
1897,475,153,148
1898,475,319,41
1899,475,110,73
1900,475,55,34
1901,476,15,27
1902,476,24,32
1903,476,248,86
1904,476,272,197
1905,477,92,137
1906,477,71,137
1907,477,58,22
1908,477,86,73
1909,478,18,65
1910,478,84,35
1911,478,9,72
1912,478,145,160
1913,479,275,157
1914,479,260,205
1915,479,146,108
1916,479,208,408
1917,480,460,1895
1918,480,44,38
1919,480,141,98
1920,480,65,97
1921,481,264,214
1922,481,34,32
1923,481,80,71
1924,481,131,190
1925,482,32,30
1926,482,137,76
1927,482,25,47
1928,482,61,121
1929,483,338,208
1930,483,172,117
1931,483,119,103
1932,483,216,180
1933,484,40,4
1934,484,235,241
1935,484,146,141
1936,484,292,190
1937,485,125,46
1938,485,12,107
1939,485,132,227
1940,485,16,32
1941,486,66,78
1942,486,180,86
1943,486,523,400
1944,486,245,209
1945,487,219,247
1946,487,43,58
1947,487,154,198
1948,487,373,248
1949,488,95,53
1950,488,195,97
1951,488,111,55
1952,488,96,103
1953,489,55,72
1954,489,100,95
1955,489,53,59
1956,489,80,20
1957,490,48,28
1958,490,84,39
1959,490,48,23
1960,490,198,96
1961,491,128,94
1962,491,53,167
1963,491,8,24
1964,491,271,159
1965,492,259,218
1966,492,241,75
1967,492,63,44
1968,492,14,2
1969,493,87,66
1970,493,193,143
1971,493,274,128
1972,493,249,408
1973,494,69,147
1974,494,135,285
1975,494,109,254
1976,494,133,171
1977,495,139,101
1978,495,137,200
1979,495,54,2
1980,495,12,16
1981,496,182,152
1982,496,205,170
1983,496,102,111
1984,496,111,182
1985,497,106,77
1986,497,24,53
1987,497,300,197
1988,497,163,150
1989,498,32,116
1990,498,158,117
1991,498,139,93
1992,498,170,104
1993,499,161,92
1994,499,83,52
1995,499,17,12
1996,499,167,76
1997,500,158,109
1998,500,221,196
1999,500,68,29
2000,500,90,269
2001,501,88,58
2002,501,159,159
2003,501,42,95
2004,501,214,226
2005,502,110,153
2006,502,76,107
2007,502,52,173
2008,502,218,191
2009,503,195,192
2010,503,95,60
2011,503,33,32
2012,503,11,13
2013,504,107,70
2014,504,0,0
2015,504,34,28
2016,504,30,64
2017,505,95,30
2018,505,40,127
2019,505,106,143
2020,505,81,131
2021,506,50,57
2022,506,43,14
2023,506,146,60
2024,506,314,89
2025,507,297,248
2026,507,104,57
2027,507,74,25
2028,507,26,4
2029,508,13,33
2030,508,182,180
2031,508,79,65
2032,508,188,161
2033,509,44,93
2034,509,74,130
2035,509,90,108
2036,509,267,162
2037,510,203,21
2038,510,323,239
2039,510,139,27
2040,510,251,196
2041,511,145,199
2042,511,307,73
2043,511,127,113
2044,511,81,85
2045,512,68,99
2046,512,122,82
2047,512,101,149
2048,512,215,287
2049,513,76,364
2050,513,85,142
2051,513,273,146
2052,513,157,125
2053,514,67,75
2054,514,160,88
2055,514,6,82
2056,514,193,91
2057,515,140,162
2058,515,7,20
2059,515,122,182
2060,515,94,38
2061,516,308,146
2062,516,74,29
2063,516,59,61
2064,516,184,89
2065,517,79,139
2066,517,138,163
2067,517,38,0
2068,517,110,127
2069,518,97,103
2070,518,22,27
2071,518,100,87
2072,518,177,259
2073,519,58,172
2074,519,155,73
2075,519,146,23
2076,519,86,21
2077,520,227,185
2078,520,3,0
2079,520,240,115
2080,520,90,81
2081,521,100,46
2082,521,66,105
2083,521,237,361
2084,521,22,6
2085,522,337,619
2086,522,166,98
2087,522,144,604
2088,522,33,85
2089,523,165,77
2090,523,111,146
2091,523,50,117
2092,523,91,111
2093,524,113,150
2094,524,60,68
2095,524,79,139
2096,524,77,136
2097,525,180,54
2098,525,7,40
2099,525,29,67
2100,525,193,188
2101,526,118,532
2102,526,81,32
2103,526,21,72
2104,526,70,125
2105,527,104,71
2106,527,160,184
2107,527,315,318
2108,527,29,119
2109,528,408,99
2110,528,53,40
2111,528,146,71
2112,528,41,58
2113,529,258,202
2114,529,198,344
2115,529,226,155
2116,529,5,49
2117,530,93,46
2118,530,44,61
2119,530,95,99
2120,530,254,125
2121,531,108,120
2122,531,103,70
2123,531,150,205
2124,531,239,160
2125,532,239,188
2126,532,49,133
2127,532,314,191
2128,532,166,122
2129,533,249,140
2130,533,48,111
2131,533,161,78
2132,533,71,39
2133,534,288,190
2134,534,108,107
2135,534,33,59
2136,534,14,57
2137,535,36,82
2138,535,54,33
2139,535,97,67
2140,535,64,112
2141,536,35,19
2142,536,107,457
2143,536,47,98
2144,536,403,249
2145,537,122,211
2146,537,42,8
2147,537,11,45
2148,537,189,144
2149,538,113,253
2150,538,171,187
2151,538,150,196
2152,538,185,182
2153,539,149,120
2154,539,153,267
2155,539,88,187
2156,539,127,183
2157,540,37,71
2158,540,160,110
2159,540,43,94
2160,540,105,79
2161,541,218,214
2162,541,199,73
2163,541,175,94
2164,541,41,32
2165,542,131,171
2166,542,416,213
2167,542,24,87
2168,542,16,82
2169,543,46,28
2170,543,82,69
2171,543,205,385
2172,543,299,209
2173,544,97,27
2174,544,539,531
2175,544,29,142
2176,544,65,90
2177,545,107,134
2178,545,128,95
2179,545,191,96
2180,545,57,49
2181,546,21,39
2182,546,208,152
2183,546,18,4
2184,546,392,366
2185,547,95,136
2186,547,45,62
2187,547,71,81
2188,547,52,62
2189,548,81,36
2190,548,22,100
2191,548,64,196
2192,548,57,115
2193,549,348,282
2194,549,99,95
2195,549,57,19
2196,549,55,153
2197,550,85,21
2198,550,72,87
2199,550,62,60
2200,550,161,41
2201,551,313,305
2202,551,242,155
2203,551,87,133
2204,551,41,66
2205,552,295,308
2206,552,122,131
2207,552,160,239
2208,552,32,5
2209,553,61,154
2210,553,245,138
2211,553,66,54
2212,553,60,36
2213,554,107,117
2214,554,206,184
2215,554,72,92
2216,554,140,88
2217,555,66,85
2218,555,163,271
2219,555,111,51
2220,555,55,61
2221,556,106,38
2222,556,161,33
2223,556,53,100
2224,556,23,62
2225,557,229,201
2226,557,94,56
2227,557,33,61
2228,557,170,126
2229,558,156,124
2230,558,19,30
2231,558,221,77
2232,558,37,96
2233,559,16,7
2234,559,91,146
2235,559,235,253
2236,559,38,45
2237,560,26,28
2238,560,56,60
2239,560,125,42
2240,560,101,124
2241,561,33,177
2242,561,197,145
2243,561,196,203
2244,561,148,42
2245,562,128,113
2246,562,68,66
2247,562,80,52
2248,562,290,254
2249,563,34,125
2250,563,35,38
2251,563,136,145
2252,563,444,206
2253,564,143,117
2254,564,49,68
2255,564,19,31
2256,564,61,73
2257,565,148,90
2258,565,144,113
2259,565,167,178
2260,565,28,109
2261,566,48,85
2262,566,73,196
2263,566,143,242
2264,566,69,74
2265,567,150,60
2266,567,47,37
2267,567,121,259
2268,567,7,10
2269,568,76,45
2270,568,230,128
2271,568,75,7
2272,568,241,153
2273,569,192,197
2274,569,358,197
2275,569,22,25
2276,569,75,132
2277,570,106,22
2278,570,31,105
2279,570,153,133
2280,570,100,71
2281,571,103,164
2282,571,100,134
2283,571,23,37
2284,571,148,103
2285,572,66,67
2286,572,113,249
2287,572,72,107
2288,572,347,218
2289,573,215,136
2290,573,12,33
2291,573,250,136
2292,573,54,127
2293,574,89,105
2294,574,185,163
2295,574,292,149
2296,574,329,101
2297,575,133,74
2298,575,142,186
2299,575,31,26
2300,575,46,65
2301,576,69,76
2302,576,66,118
2303,576,46,132
2304,576,254,186
2305,577,46,7
2306,577,272,81
2307,577,81,45
2308,577,34,54
2309,578,160,63
2310,578,98,87
2311,578,275,90
2312,578,13,40
2313,579,235,236
2314,579,262,283
2315,579,95,125
2316,579,143,300
2317,580,244,87
2318,580,150,104
2319,580,192,130
2320,580,212,203
2321,581,95,175
2322,581,41,72
2323,581,191,193
2324,581,78,35
2325,582,83,186
2326,582,117,49
2327,582,132,181
2328,582,116,41
2329,583,102,83
2330,583,116,421
2331,583,107,52
2332,583,245,112
2333,584,62,55
2334,584,88,91
2335,584,445,282
2336,584,27,23
2337,585,120,60
2338,585,72,85
2339,585,24,0
2340,585,44,44
2341,586,59,73
2342,586,228,107
2343,586,354,194
2344,586,203,273
2345,587,17,7
2346,587,69,202
2347,587,74,53
2348,587,27,16
2349,588,53,109
2350,588,92,90
2351,588,31,12
2352,588,149,91
2353,589,92,47
2354,589,75,53
2355,589,117,138
2356,589,48,50
2357,590,67,70
2358,590,111,135
2359,590,69,103
2360,590,139,80
2361,591,140,221
2362,591,184,83
2363,591,220,297
2364,591,61,59
2365,592,77,107
2366,592,46,43
2367,592,145,236
2368,592,132,77
2369,593,31,32
2370,593,250,325
2371,593,68,15
2372,593,82,57
2373,594,86,123
2374,594,125,53
2375,594,85,77
2376,594,199,178
2377,595,200,703
2378,595,107,78
2379,595,15,56
2380,595,66,119
2381,596,26,1
2382,596,42,117
2383,596,87,56
2384,596,89,12
2385,597,134,125
2386,597,26,52
2387,597,78,142
2388,597,207,49
2389,598,127,156
2390,598,1,23
2391,598,65,20
2392,598,116,199
2393,599,354,179
2394,599,304,168
2395,599,68,44
2396,599,77,89
2397,600,386,326
2398,600,52,97
2399,600,4,30
2400,600,171,95
2401,601,324,316
2402,601,202,64
2403,601,27,21
2404,601,166,112
2405,602,49,26
2406,602,48,188
2407,602,216,45
2408,602,234,299
2409,603,103,78
2410,603,71,57
2411,603,371,266
2412,603,74,74
2413,604,72,102
2414,604,90,70
2415,604,157,46
2416,604,399,125
2417,605,137,102
2418,605,199,270
2419,605,201,88
2420,605,94,114
2421,606,54,59
2422,606,225,183
2423,606,93,113
2424,606,161,164
2425,607,213,74
2426,607,155,179
2427,607,135,252
2428,607,14,71
2429,608,22,86
2430,608,348,157
2431,608,340,285
2432,608,23,125
2433,609,202,139
2434,609,87,49
2435,609,35,39
2436,609,15,24
2437,610,102,31
2438,610,238,92
2439,610,127,273
2440,610,38,32
2441,611,184,162
2442,611,102,96
2443,611,30,36
2444,611,102,161
2445,612,67,110
2446,612,16,35
2447,612,100,75
2448,612,99,71
2449,613,168,157
2450,613,95,63
2451,613,190,167
2452,613,69,67
2453,614,268,98
2454,614,295,162
2455,614,73,201
2456,614,99,170
2457,615,57,48
2458,615,298,748
2459,615,234,282
2460,615,246,111
2461,616,71,45
2462,616,54,111
2463,616,173,136
2464,616,40,97
2465,617,0,6
2466,617,186,129
2467,617,128,130
2468,617,60,82
2469,618,122,132
2470,618,64,91
2471,618,171,161
2472,618,141,135
2473,619,44,83
2474,619,203,123
2475,619,64,34
2476,619,40,160
2477,620,97,146
2478,620,263,368
2479,620,83,83
2480,620,135,106
2481,621,125,44
2482,621,47,215
2483,621,146,143
2484,621,61,114
2485,622,3,24
2486,622,80,64
2487,622,82,127
2488,622,40,103
2489,623,86,188
2490,623,93,190
2491,623,46,32
2492,623,130,123
2493,624,81,392
2494,624,122,119
2495,624,139,221
2496,624,64,75
2497,625,27,4
2498,625,16,84
2499,625,78,101
2500,625,89,20
2501,626,44,46
2502,626,437,321
2503,626,145,96
2504,626,64,29
2505,627,278,276
2506,627,85,45
2507,627,136,339
2508,627,127,97
2509,628,527,536
2510,628,4,6
2511,628,177,155
2512,628,138,46
2513,629,100,64
2514,629,39,57
2515,629,128,186
2516,629,119,179
2517,630,139,110
2518,630,227,329
2519,630,243,204
2520,630,70,26
2521,631,43,58
2522,631,34,40
2523,631,376,240
2524,631,121,133
2525,632,89,149
2526,632,71,39
2527,632,219,117
2528,632,18,81
2529,633,125,39
2530,633,91,45
2531,633,62,103
2532,633,539,246
2533,634,90,30
2534,634,85,63
2535,634,147,128
2536,634,28,3
2537,635,186,76
2538,635,161,190
2539,635,216,118
2540,635,193,44
2541,636,48,70
2542,636,80,74
2543,636,221,114
2544,636,211,143
2545,637,55,265
2546,637,100,31
2547,637,73,92
2548,637,224,87
2549,638,136,122
2550,638,292,275
2551,638,215,136
2552,638,367,58
2553,639,229,185
2554,639,14,18
2555,639,14,89
2556,639,259,412
2557,640,23,24
2558,640,150,183
2559,640,195,150
2560,640,106,70
2561,641,77,36
2562,641,127,104
2563,641,47,98
2564,641,133,205
2565,642,90,189
2566,642,48,12
2567,642,111,144
2568,642,79,36
2569,643,167,259
2570,643,289,185
2571,643,7,41
2572,643,153,81
2573,644,362,208
2574,644,61,68
2575,644,211,305
2576,644,9,5
2577,645,126,180
2578,645,31,39
2579,645,76,37
2580,645,131,96
2581,646,74,48
2582,646,235,302
2583,646,57,72
2584,646,87,91
2585,647,110,128
2586,647,37,6
2587,647,166,155
2588,647,67,48
2589,648,31,62
2590,648,211,92
2591,648,138,101
2592,648,144,131
2593,649,104,116
2594,649,98,36
2595,649,11,26
2596,649,0,10
2597,650,123,326
2598,650,235,244
2599,650,228,251
2600,650,359,270
2601,651,293,282
2602,651,416,210
2603,651,174,103
2604,651,100,141
2605,652,89,45
2606,652,17,53
2607,652,138,102
2608,652,67,38
2609,653,265,122
2610,653,106,73
2611,653,126,129
2612,653,44,73
2613,654,56,21
2614,654,89,45
2615,654,24,14
2616,654,160,47
2617,655,125,216
2618,655,96,145
2619,655,4,1
2620,655,211,96
2621,656,168,11
2622,656,55,76
2623,656,87,28
2624,656,229,199
2625,657,83,126
2626,657,161,42
2627,657,87,127
2628,657,1,4
2629,658,73,100
2630,658,41,47
2631,658,146,188
2632,658,127,103
2633,659,169,154
2634,659,79,90
2635,659,208,312
2636,659,97,61
2637,660,251,198
2638,660,252,351
2639,660,92,184
2640,660,103,167
2641,661,136,101
2642,661,4,0
2643,661,144,136
2644,661,193,104
2645,662,135,37
2646,662,120,160
2647,662,298,327
2648,662,114,183
2649,663,172,42
2650,663,128,47
2651,663,147,200
2652,663,202,292
2653,664,111,175
2654,664,135,323
2655,664,129,176
2656,664,223,411
2657,665,226,82
2658,665,104,136
2659,665,34,86
2660,665,125,158
2661,666,106,209
2662,666,102,78
2663,666,237,200
2664,666,84,51
2665,667,413,214
2666,667,13,35
2667,667,129,180
2668,667,137,112
2669,668,104,37
2670,668,208,104
2671,668,39,78
2672,668,70,127
2673,669,58,34
2674,669,108,103
2675,669,177,239
2676,669,99,20
2677,670,264,774
2678,670,299,226
2679,670,116,206
2680,670,72,107
2681,671,126,132
2682,671,133,115
2683,671,231,228
2684,671,24,20
2685,672,63,98
2686,672,116,95
2687,672,186,163
2688,672,301,232
2689,673,114,170
2690,673,198,377
2691,673,94,51
2692,673,93,143
2693,674,78,45
2694,674,347,255
2695,674,12,40
2696,674,97,82
2697,675,136,116
2698,675,16,87
2699,675,9,20
2700,675,196,91
2701,676,91,46
2702,676,76,116
2703,676,4,90
2704,676,94,324
2705,677,22,182
2706,677,18,16
2707,677,119,76
2708,677,128,52
2709,678,138,155
2710,678,33,84
2711,678,82,29
2712,678,53,29
2713,679,160,231
2714,679,50,49
2715,679,204,136
2716,679,98,72
2717,680,320,153
2718,680,85,48
2719,680,95,75
2720,680,55,87
2721,681,68,74
2722,681,117,29
2723,681,15,23
2724,681,28,82
2725,682,220,161
2726,682,142,95
2727,682,30,26
2728,682,25,21
2729,683,156,195
2730,683,263,214
2731,683,133,172
2732,683,210,186
2733,684,97,155
2734,684,116,153
2735,684,265,113
2736,684,129,141
2737,685,70,77
2738,685,201,128
2739,685,102,180
2740,685,89,120
2741,686,103,91
2742,686,70,71
2743,686,96,35
2744,686,342,285
2745,687,40,66
2746,687,66,55
2747,687,199,203
2748,687,76,20
2749,688,175,127
2750,688,67,121
2751,688,67,112
2752,688,22,37
2753,689,186,149
2754,689,158,182
2755,689,202,233
2756,689,96,148
2757,690,172,257
2758,690,185,114
2759,690,30,41
2760,690,111,74
2761,691,117,270
2762,691,158,208
2763,691,26,18
2764,691,107,82
2765,692,231,172
2766,692,146,58
2767,692,409,163
2768,692,17,39
2769,693,468,215
2770,693,123,167
2771,693,8,0
2772,693,147,131
2773,694,38,37
2774,694,137,143
2775,694,19,42
2776,694,125,99
2777,695,123,50
2778,695,24,12
2779,695,316,240
2780,695,58,35
2781,696,80,85
2782,696,26,114
2783,696,83,75
2784,696,46,44
2785,697,195,184
2786,697,201,136
2787,697,50,78
2788,697,22,138
2789,698,48,77
2790,698,78,29
2791,698,15,136
2792,698,221,251
2793,699,162,168
2794,699,92,35
2795,699,54,27
2796,699,43,84
2797,700,23,48
2798,700,35,180
2799,700,99,89
2800,700,105,123
2801,701,68,26
2802,701,179,307
2803,701,100,137
2804,701,61,159
2805,702,157,100
2806,702,87,152
2807,702,316,236
2808,702,131,145
2809,703,72,92
2810,703,290,198
2811,703,76,126
2812,703,255,259
2813,704,198,92
2814,704,62,23
2815,704,92,133
2816,704,132,98
2817,705,84,67
2818,705,223,117
2819,705,120,46
2820,705,68,44
2821,706,245,196
2822,706,153,181
2823,706,132,121
2824,706,39,24
2825,707,42,16
2826,707,113,13
2827,707,58,45
2828,707,82,78
2829,708,52,147
2830,708,64,87
2831,708,65,35
2832,708,151,120
2833,709,35,13
2834,709,216,129
2835,709,166,234
2836,709,113,76
2837,710,210,137
2838,710,187,151
2839,710,190,141
2840,710,262,239
2841,711,217,238
2842,711,112,26
2843,711,89,83
2844,711,118,98
2845,712,143,177
2846,712,269,122
2847,712,57,97
2848,712,198,138
2849,713,56,66
2850,713,207,323
2851,713,190,179
2852,713,95,162
2853,714,131,90
2854,714,8,4
2855,714,52,107
2856,714,77,111
2857,715,50,131
2858,715,40,64
2859,715,23,24
2860,715,222,162
2861,716,50,20
2862,716,143,125
2863,716,173,59
2864,716,84,142
2865,717,137,218
2866,717,28,43
2867,717,51,30
2868,717,94,39
2869,718,75,52
2870,718,140,49
2871,718,26,269
2872,718,132,58
2873,719,41,81
2874,719,80,28
2875,719,63,48
2876,719,63,73
2877,720,3,0
2878,720,60,130
2879,720,7,8
2880,720,467,208
2881,721,165,101
2882,721,202,278
2883,721,47,17
2884,721,113,112
2885,722,136,120
2886,722,265,286
2887,722,264,192
2888,722,288,134
2889,723,83,587
2890,723,111,30
2891,723,18,3
2892,723,13,77
2893,724,98,137
2894,724,85,99
2895,724,149,136
2896,724,16,23
2897,725,94,151
2898,725,33,55
2899,725,143,219
2900,725,139,134
2901,726,78,125
2902,726,129,82
2903,726,152,188
2904,726,52,59
2905,727,271,200
2906,727,41,67
2907,727,117,156
2908,727,9,17
2909,728,150,68
2910,728,66,56
2911,728,230,157
2912,728,105,110
2913,729,239,199
2914,729,17,22
2915,729,15,48
2916,729,83,273
2917,730,156,121
2918,730,128,182
2919,730,42,53
2920,730,82,85
2921,731,108,182
2922,731,6,1
2923,731,125,111
2924,731,84,79
2925,732,68,26
2926,732,135,43
2927,732,7,14
2928,732,154,182
2929,733,66,101
2930,733,128,155
2931,733,109,146
2932,733,113,182
2933,734,154,193
2934,734,97,207
2935,734,96,232
2936,734,216,304
2937,735,5,8
2938,735,13,58
2939,735,35,115
2940,735,103,145
2941,736,187,187
2942,736,42,87
2943,736,26,74
2944,736,226,189
2945,737,48,129
2946,737,56,56
2947,737,232,157
2948,737,129,145
2949,738,97,105
2950,738,78,66
2951,738,70,79
2952,738,110,152
2953,739,23,52
2954,739,28,19
2955,739,187,33
2956,739,41,127
2957,740,78,85
2958,740,131,111
2959,740,95,63
2960,740,76,171
2961,741,81,100
2962,741,26,22
2963,741,133,120
2964,741,195,104
2965,742,211,242
2966,742,102,27
2967,742,44,49
2968,742,65,53
2969,743,193,257
2970,743,186,141
2971,743,325,272
2972,743,281,222
2973,744,75,10
2974,744,101,142
2975,744,23,7
2976,744,60,26
2977,745,210,260
2978,745,155,101
2979,745,83,286
2980,745,18,33
2981,746,103,150
2982,746,385,135
2983,746,168,256
2984,746,49,69
2985,747,185,279
2986,747,25,44
2987,747,558,313
2988,747,56,108
2989,748,50,117
2990,748,99,43
2991,748,121,46
2992,748,77,77
2993,749,56,80
2994,749,97,120
2995,749,94,19
2996,749,61,23
2997,750,69,61
2998,750,264,127
2999,750,137,147
3000,750,402,195